player_name,player_id,season,ws,verified
Bill Russell,78049,1957,6.2,true
Bill Russell,78049,1958,11.3,true
Bill Russell,78049,1959,12.9,true
Bill Russell,78049,1960,13.8,true
Bill Russell,78049,1961,13.0,true
Bill Russell,78049,1962,15.5,true
Bill Russell,78049,1963,13.5,true
Bill Russell,78049,1964,17.3,true
Bill Russell,78049,1965,16.9,true
Bill Russell,78049,1966,11.7,true
Bill Russell,78049,1967,12.2,true
Bill Russell,78049,1968,8.2,true
Bill Russell,78049,1969,10.9,true
Dirk Nowitzki,1717,1999,0.8,true
Dirk Nowitzki,1717,2000,8.1,true
Dirk Nowitzki,1717,2001,14.6,true
Dirk Nowitzki,1717,2002,13.4,true
Dirk Nowitzki,1717,2003,16.1,true
Dirk Nowitzki,1717,2004,11.5,true
Dirk Nowitzki,1717,2005,15.6,true
Dirk Nowitzki,1717,2006,17.7,true
Dirk Nowitzki,1717,2007,16.3,true
Dirk Nowitzki,1717,2008,12.9,true
Dirk Nowitzki,1717,2009,10.9,true
Dirk Nowitzki,1717,2010,12.3,true
Dirk Nowitzki,1717,2011,11.1,true
Dirk Nowitzki,1717,2012,7.6,true
Dirk Nowitzki,1717,2013,5.0,true
Dirk Nowitzki,1717,2014,10.9,true
Dirk Nowitzki,1717,2015,7.2,true
Dirk Nowitzki,1717,2016,6.8,true
Dirk Nowitzki,1717,2017,2.5,true
Dirk Nowitzki,1717,2018,4.8,true
Dirk Nowitzki,1717,2019,0.3,true
Giannis Antetokounmpo,203507,2014,1.2,true
Giannis Antetokounmpo,203507,2015,6.2,true
Giannis Antetokounmpo,203507,2016,7.1,true
Giannis Antetokounmpo,203507,2017,12.4,true
Giannis Antetokounmpo,203507,2018,11.9,true
Giannis Antetokounmpo,203507,2019,14.4,true
Giannis Antetokounmpo,203507,2020,11.1,true
Giannis Antetokounmpo,203507,2021,10.2,true
Giannis Antetokounmpo,203507,2022,12.9,true
Giannis Antetokounmpo,203507,2023,8.6,true
Giannis Antetokounmpo,203507,2024,13.2,true
Giannis Antetokounmpo,203507,2025,11.5,true
Giannis Antetokounmpo,203507,2026,5.0,true
Hakeem Olajuwon,165,1985,10.2,true
Hakeem Olajuwon,165,1986,9.5,true
Hakeem Olajuwon,165,1987,10.9,true
Hakeem Olajuwon,165,1988,10.7,true
Hakeem Olajuwon,165,1989,12.4,true
Hakeem Olajuwon,165,1990,11.2,true
Hakeem Olajuwon,165,1991,8.6,true
Hakeem Olajuwon,165,1992,9.8,true
Hakeem Olajuwon,165,1993,15.8,true
Hakeem Olajuwon,165,1994,14.3,true
Hakeem Olajuwon,165,1995,10.7,true
Hakeem Olajuwon,165,1996,9.7,true
Hakeem Olajuwon,165,1997,9.1,true
Hakeem Olajuwon,165,1998,4.5,true
Hakeem Olajuwon,165,1999,6.5,true
Hakeem Olajuwon,165,2000,1.6,true
Hakeem Olajuwon,165,2001,5.0,true
Hakeem Olajuwon,165,2002,2.1,true
Jerry West,78497,1961,6.6,true
Jerry West,78497,1962,12.9,true
Jerry West,78497,1963,8.1,true
Jerry West,78497,1964,14.0,true
Jerry West,78497,1965,16.7,true
Jerry West,78497,1966,17.1,true
Jerry West,78497,1967,11.7,true
Jerry West,78497,1968,9.6,true
Jerry West,78497,1969,10.8,true
Jerry West,78497,1970,15.2,true
Jerry West,78497,1971,12.8,true
Jerry West,78497,1972,13.3,true
Jerry West,78497,1973,10.6,true
Jerry West,78497,1974,3.2,true
Kareem Abdul-Jabbar,76003,1970,13.8,true
Kareem Abdul-Jabbar,76003,1971,22.3,true
Kareem Abdul-Jabbar,76003,1972,25.4,true
Kareem Abdul-Jabbar,76003,1973,21.9,true
Kareem Abdul-Jabbar,76003,1974,18.4,true
Kareem Abdul-Jabbar,76003,1975,12.9,true
Kareem Abdul-Jabbar,76003,1976,17.0,true
Kareem Abdul-Jabbar,76003,1977,17.8,true
Kareem Abdul-Jabbar,76003,1978,12.1,true
Kareem Abdul-Jabbar,76003,1979,14.4,true
Kareem Abdul-Jabbar,76003,1980,14.8,true
Kareem Abdul-Jabbar,76003,1981,14.3,true
Kareem Abdul-Jabbar,76003,1982,10.7,true
Kareem Abdul-Jabbar,76003,1983,10.9,true
Kareem Abdul-Jabbar,76003,1984,8.9,true
Kareem Abdul-Jabbar,76003,1985,11.2,true
Kareem Abdul-Jabbar,76003,1986,10.8,true
Kareem Abdul-Jabbar,76003,1987,7.5,true
Kareem Abdul-Jabbar,76003,1988,5.3,true
Kareem Abdul-Jabbar,76003,1989,2.9,true
Kevin Durant,201142,2008,2.3,true
Kevin Durant,201142,2009,7.9,true
Kevin Durant,201142,2010,16.1,true
Kevin Durant,201142,2011,12.0,true
Kevin Durant,201142,2012,12.2,true
Kevin Durant,201142,2013,18.9,true
Kevin Durant,201142,2014,19.2,true
Kevin Durant,201142,2015,4.8,true
Kevin Durant,201142,2016,14.5,true
Kevin Durant,201142,2017,12.0,true
Kevin Durant,201142,2018,10.4,true
Kevin Durant,201142,2019,11.5,true
Kevin Durant,201142,2021,5.0,true
Kevin Durant,201142,2022,8.4,true
Kevin Durant,201142,2023,6.8,true
Kevin Durant,201142,2024,8.3,true
Kevin Durant,201142,2025,5.2,true
Kevin Durant,201142,2026,10.7,true
Kevin Garnett,708,1996,4.4,true
Kevin Garnett,708,1997,7.3,true
Kevin Garnett,708,1998,9.6,true
Kevin Garnett,708,1999,5.4,true
Kevin Garnett,708,2000,11.6,true
Kevin Garnett,708,2001,11.8,true
Kevin Garnett,708,2002,12.8,true
Kevin Garnett,708,2003,15.6,true
Kevin Garnett,708,2004,18.3,true
Kevin Garnett,708,2005,16.1,true
Kevin Garnett,708,2006,14.9,true
Kevin Garnett,708,2007,10.7,true
Kevin Garnett,708,2008,12.9,true
Kevin Garnett,708,2009,7.1,true
Kevin Garnett,708,2010,7.3,true
Kevin Garnett,708,2011,9.0,true
Kevin Garnett,708,2012,6.9,true
Kevin Garnett,708,2013,5.6,true
Kevin Garnett,708,2014,1.2,true
Kevin Garnett,708,2015,1.9,true
Kevin Garnett,708,2016,1.1,true
Kobe Bryant,977,1997,1.8,true
Kobe Bryant,977,1998,6.3,true
Kobe Bryant,977,1999,5.2,true
Kobe Bryant,977,2000,10.6,true
Kobe Bryant,977,2001,11.3,true
Kobe Bryant,977,2002,12.7,true
Kobe Bryant,977,2003,14.9,true
Kobe Bryant,977,2004,10.7,true
Kobe Bryant,977,2005,8.1,true
Kobe Bryant,977,2006,15.3,true
Kobe Bryant,977,2007,13.0,true
Kobe Bryant,977,2008,13.8,true
Kobe Bryant,977,2009,12.7,true
Kobe Bryant,977,2010,9.4,true
Kobe Bryant,977,2011,10.3,true
Kobe Bryant,977,2012,6.2,true
Kobe Bryant,977,2013,10.9,true
Kobe Bryant,977,2014,-0.4,true
Kobe Bryant,977,2015,0.2,true
Kobe Bryant,977,2016,-0.4,true
Larry Bird,1449,1980,11.2,true
Larry Bird,1449,1981,10.8,true
Larry Bird,1449,1982,12.5,true
Larry Bird,1449,1983,14.0,true
Larry Bird,1449,1984,13.6,true
Larry Bird,1449,1985,15.7,true
Larry Bird,1449,1986,15.8,true
Larry Bird,1449,1987,15.2,true
Larry Bird,1449,1988,15.0,true
Larry Bird,1449,1989,0.5,true
Larry Bird,1449,1990,9.5,true
Larry Bird,1449,1991,6.6,true
Larry Bird,1449,1992,5.5,true
LeBron James,2544,2004,5.1,true
LeBron James,2544,2005,14.3,true
LeBron James,2544,2006,16.3,true
LeBron James,2544,2007,13.7,true
LeBron James,2544,2008,15.2,true
LeBron James,2544,2009,20.3,true
LeBron James,2544,2010,18.5,true
LeBron James,2544,2011,15.6,true
LeBron James,2544,2012,14.5,true
LeBron James,2544,2013,19.3,true
LeBron James,2544,2014,15.9,true
LeBron James,2544,2015,10.4,true
LeBron James,2544,2016,13.6,true
LeBron James,2544,2017,12.9,true
LeBron James,2544,2018,14.0,true
LeBron James,2544,2019,7.2,true
LeBron James,2544,2020,9.8,true
LeBron James,2544,2021,5.6,true
LeBron James,2544,2022,7.5,true
LeBron James,2544,2023,5.6,true
LeBron James,2544,2024,8.5,true
LeBron James,2544,2025,7.7,true
LeBron James,2544,2026,5.4,true
Magic Johnson,77142,1980,10.5,true
Magic Johnson,77142,1981,6.4,true
Magic Johnson,77142,1982,12.9,true
Magic Johnson,77142,1983,12.5,true
Magic Johnson,77142,1984,10.2,true
Magic Johnson,77142,1985,12.7,true
Magic Johnson,77142,1986,12.1,true
Magic Johnson,77142,1987,15.9,true
Magic Johnson,77142,1988,10.9,true
Magic Johnson,77142,1989,16.1,true
Magic Johnson,77142,1990,16.5,true
Magic Johnson,77142,1991,15.4,true
Magic Johnson,77142,1996,3.6,true
Michael Jordan,893,1985,14.0,true
Michael Jordan,893,1986,1.5,true
Michael Jordan,893,1987,16.9,true
Michael Jordan,893,1988,21.2,true
Michael Jordan,893,1989,19.8,true
Michael Jordan,893,1990,19.0,true
Michael Jordan,893,1991,20.3,true
Michael Jordan,893,1992,17.7,true
Michael Jordan,893,1993,17.2,true
Michael Jordan,893,1995,2.3,true
Michael Jordan,893,1996,20.4,true
Michael Jordan,893,1997,18.3,true
Michael Jordan,893,1998,15.8,true
Michael Jordan,893,2002,3.3,true
Michael Jordan,893,2003,6.2,true
Moses Malone,77449,1977,8.7,true
Moses Malone,77449,1978,6.1,true
Moses Malone,77449,1979,14.1,true
Moses Malone,77449,1980,11.9,true
Moses Malone,77449,1981,13.7,true
Moses Malone,77449,1982,15.4,true
Moses Malone,77449,1983,15.1,true
Moses Malone,77449,1984,9.5,true
Moses Malone,77449,1985,11.9,true
Moses Malone,77449,1986,8.9,true
Moses Malone,77449,1987,9.4,true
Moses Malone,77449,1988,9.2,true
Moses Malone,77449,1989,10.7,true
Moses Malone,77449,1990,7.7,true
Moses Malone,77449,1991,5.6,true
Moses Malone,77449,1992,7.8,true
Moses Malone,77449,1993,0.1,true
Moses Malone,77449,1994,1.0,true
Moses Malone,77449,1995,0.3,true
Nikola Jokic,203999,2016,6.7,true
Nikola Jokic,203999,2017,9.7,true
Nikola Jokic,203999,2018,10.7,true
Nikola Jokic,203999,2019,11.8,true
Nikola Jokic,203999,2020,9.8,true
Nikola Jokic,203999,2021,15.6,true
Nikola Jokic,203999,2022,15.2,true
Nikola Jokic,203999,2023,14.9,true
Nikola Jokic,203999,2024,17.0,true
Nikola Jokic,203999,2025,16.4,true
Nikola Jokic,203999,2026,14.9,true
Oscar Robertson,600015,1961,13.2,true
Oscar Robertson,600015,1962,15.6,true
Oscar Robertson,600015,1963,16.8,true
Oscar Robertson,600015,1964,20.6,true
Oscar Robertson,600015,1965,17.0,true
Oscar Robertson,600015,1966,16.9,true
Oscar Robertson,600015,1967,17.4,true
Oscar Robertson,600015,1968,12.3,true
Oscar Robertson,600015,1969,12.9,true
Oscar Robertson,600015,1970,11.4,true
Oscar Robertson,600015,1971,12.4,true
Oscar Robertson,600015,1972,8.3,true
Oscar Robertson,600015,1973,8.4,true
Oscar Robertson,600015,1974,5.9,true
Shaquille O'Neal,406,1993,10.4,true
Shaquille O'Neal,406,1994,16.9,true
Shaquille O'Neal,406,1995,14.0,true
Shaquille O'Neal,406,1996,6.9,true
Shaquille O'Neal,406,1997,8.0,true
Shaquille O'Neal,406,1998,10.2,true
Shaquille O'Neal,406,1999,9.0,true
Shaquille O'Neal,406,2000,18.6,true
Shaquille O'Neal,406,2001,14.9,true
Shaquille O'Neal,406,2002,13.2,true
Shaquille O'Neal,406,2003,13.2,true
Shaquille O'Neal,406,2004,9.9,true
Shaquille O'Neal,406,2005,11.0,true
Shaquille O'Neal,406,2006,6.2,true
Shaquille O'Neal,406,2007,2.8,true
Shaquille O'Neal,406,2008,2.8,true
Shaquille O'Neal,406,2009,7.8,true
Shaquille O'Neal,406,2010,3.1,true
Shaquille O'Neal,406,2011,2.7,true
Stephen Curry,201939,2010,4.7,true
Stephen Curry,201939,2011,6.6,true
Stephen Curry,201939,2012,2.2,true
Stephen Curry,201939,2013,11.2,true
Stephen Curry,201939,2014,13.4,true
Stephen Curry,201939,2015,15.7,true
Stephen Curry,201939,2016,17.9,true
Stephen Curry,201939,2017,12.6,true
Stephen Curry,201939,2018,9.1,true
Stephen Curry,201939,2019,9.7,true
Stephen Curry,201939,2020,0.3,true
Stephen Curry,201939,2021,9.0,true
Stephen Curry,201939,2022,8.0,true
Stephen Curry,201939,2023,7.8,true
Stephen Curry,201939,2024,7.2,true
Stephen Curry,201939,2025,7.9,true
Stephen Curry,201939,2026,4.1,true
Tim Duncan,1495,1998,12.8,true
Tim Duncan,1495,1999,8.7,true
Tim Duncan,1495,2000,13.0,true
Tim Duncan,1495,2001,13.2,true
Tim Duncan,1495,2002,17.8,true
Tim Duncan,1495,2003,16.5,true
Tim Duncan,1495,2004,13.1,true
Tim Duncan,1495,2005,11.2,true
Tim Duncan,1495,2006,10.8,true
Tim Duncan,1495,2007,13.0,true
Tim Duncan,1495,2008,11.1,true
Tim Duncan,1495,2009,10.1,true
Tim Duncan,1495,2010,10.9,true
Tim Duncan,1495,2011,7.7,true
Tim Duncan,1495,2012,5.9,true
Tim Duncan,1495,2013,8.3,true
Tim Duncan,1495,2014,7.4,true
Tim Duncan,1495,2015,9.6,true
Tim Duncan,1495,2016,5.2,true
Wilt Chamberlain,76375,1960,17.0,true
Wilt Chamberlain,76375,1961,18.8,true
Wilt Chamberlain,76375,1962,23.1,true
Wilt Chamberlain,76375,1963,20.9,true
Wilt Chamberlain,76375,1964,25.0,true
Wilt Chamberlain,76375,1965,15.1,true
Wilt Chamberlain,76375,1966,21.4,true
Wilt Chamberlain,76375,1967,21.9,true
Wilt Chamberlain,76375,1968,20.4,true
Wilt Chamberlain,76375,1969,14.7,true
Wilt Chamberlain,76375,1970,2.3,true
Wilt Chamberlain,76375,1971,12.6,true
Wilt Chamberlain,76375,1972,15.8,true
Wilt Chamberlain,76375,1973,18.2,true
