player_id,season,award,all_nba_team
165,1985,all_star,
165,1986,all_nba,2
165,1986,all_star,
165,1987,all_nba,1
165,1987,all_star,
165,1988,all_nba,1
165,1988,all_star,
165,1989,all_nba,1
165,1989,all_star,
165,1990,all_nba,2
165,1990,all_star,
165,1991,all_nba,3
165,1992,all_star,
165,1993,all_nba,1
165,1993,all_star,
165,1993,dpoy,
165,1994,all_nba,1
165,1994,all_star,
165,1994,dpoy,
165,1994,finals_mvp,
165,1994,mvp,
165,1994,ring,
165,1995,all_nba,3
165,1995,all_star,
165,1995,finals_mvp,
165,1995,ring,
165,1996,all_nba,2
165,1996,all_star,
165,1997,all_nba,1
165,1997,all_star,
165,1999,all_nba,3
406,1993,all_star,
406,1994,all_nba,3
406,1994,all_star,
406,1995,all_nba,2
406,1995,all_star,
406,1996,all_nba,3
406,1996,all_star,
406,1997,all_nba,3
406,1997,all_star,
406,1998,all_nba,1
406,1998,all_star,
406,1999,all_nba,2
406,2000,all_nba,1
406,2000,all_star,
406,2000,finals_mvp,
406,2000,mvp,
406,2000,ring,
406,2001,all_nba,1
406,2001,all_star,
406,2001,finals_mvp,
406,2001,ring,
406,2002,all_nba,1
406,2002,all_star,
406,2002,finals_mvp,
406,2002,ring,
406,2003,all_nba,1
406,2003,all_star,
406,2004,all_nba,1
406,2004,all_star,
406,2005,all_nba,1
406,2005,all_star,
406,2006,all_nba,1
406,2006,all_star,
406,2006,ring,
406,2007,all_star,
406,2009,all_nba,3
406,2009,all_star,
708,1997,all_star,
708,1998,all_star,
708,1999,all_nba,3
708,2000,all_nba,1
708,2000,all_star,
708,2001,all_nba,2
708,2001,all_star,
708,2002,all_nba,2
708,2002,all_star,
708,2003,all_nba,1
708,2003,all_star,
708,2004,all_nba,1
708,2004,all_star,
708,2004,mvp,
708,2005,all_nba,2
708,2005,all_star,
708,2006,all_star,
708,2007,all_nba,3
708,2007,all_star,
708,2008,all_nba,1
708,2008,all_star,
708,2008,dpoy,
708,2008,ring,
708,2009,all_star,
708,2010,all_star,
708,2011,all_star,
708,2013,all_star,
893,1985,all_nba,2
893,1985,all_star,
893,1986,all_star,
893,1987,all_nba,1
893,1987,all_star,
893,1988,all_nba,1
893,1988,all_star,
893,1988,dpoy,
893,1988,mvp,
893,1989,all_nba,1
893,1989,all_star,
893,1990,all_nba,1
893,1990,all_star,
893,1991,all_nba,1
893,1991,all_star,
893,1991,finals_mvp,
893,1991,mvp,
893,1991,ring,
893,1992,all_nba,1
893,1992,all_star,
893,1992,finals_mvp,
893,1992,mvp,
893,1992,ring,
893,1993,all_nba,1
893,1993,all_star,
893,1993,finals_mvp,
893,1993,ring,
893,1996,all_nba,1
893,1996,all_star,
893,1996,finals_mvp,
893,1996,mvp,
893,1996,ring,
893,1997,all_nba,1
893,1997,all_star,
893,1997,finals_mvp,
893,1997,ring,
893,1998,all_nba,1
893,1998,all_star,
893,1998,finals_mvp,
893,1998,mvp,
893,1998,ring,
893,2002,all_star,
893,2003,all_star,
977,1998,all_star,
977,1999,all_nba,3
977,2000,all_nba,2
977,2000,all_star,
977,2000,ring,
977,2001,all_nba,2
977,2001,all_star,
977,2001,ring,
977,2002,all_nba,1
977,2002,all_star,
977,2002,ring,
977,2003,all_nba,1
977,2003,all_star,
977,2004,all_nba,1
977,2004,all_star,
977,2005,all_nba,3
977,2005,all_star,
977,2006,all_nba,1
977,2006,all_star,
977,2007,all_nba,1
977,2007,all_star,
977,2008,all_nba,1
977,2008,all_star,
977,2008,mvp,
977,2009,all_nba,1
977,2009,all_star,
977,2009,finals_mvp,
977,2009,ring,
977,2010,all_nba,1
977,2010,all_star,
977,2010,finals_mvp,
977,2010,ring,
977,2011,all_nba,1
977,2011,all_star,
977,2012,all_nba,1
977,2012,all_star,
977,2013,all_nba,1
977,2013,all_star,
977,2014,all_star,
977,2015,all_star,
977,2016,all_star,
1449,1980,all_nba,1
1449,1980,all_star,
1449,1981,all_nba,1
1449,1981,all_star,
1449,1981,ring,
1449,1982,all_nba,1
1449,1982,all_star,
1449,1983,all_nba,1
1449,1983,all_star,
1449,1984,all_nba,1
1449,1984,all_star,
1449,1984,finals_mvp,
1449,1984,mvp,
1449,1984,ring,
1449,1985,all_nba,1
1449,1985,all_star,
1449,1985,mvp,
1449,1986,all_nba,1
1449,1986,all_star,
1449,1986,finals_mvp,
1449,1986,mvp,
1449,1986,ring,
1449,1987,all_nba,1
1449,1987,all_star,
1449,1988,all_nba,1
1449,1988,all_star,
1449,1990,all_nba,2
1449,1990,all_star,
1449,1991,all_star,
1449,1992,all_star,
1495,1998,all_nba,1
1495,1998,all_star,
1495,1999,all_nba,1
1495,1999,finals_mvp,
1495,1999,ring,
1495,2000,all_nba,1
1495,2000,all_star,
1495,2001,all_nba,1
1495,2001,all_star,
1495,2002,all_nba,1
1495,2002,all_star,
1495,2002,mvp,
1495,2003,all_nba,1
1495,2003,all_star,
1495,2003,finals_mvp,
1495,2003,mvp,
1495,2003,ring,
1495,2004,all_nba,1
1495,2004,all_star,
1495,2005,all_nba,1
1495,2005,all_star,
1495,2005,finals_mvp,
1495,2005,ring,
1495,2006,all_nba,2
1495,2006,all_star,
1495,2007,all_nba,1
1495,2007,all_star,
1495,2007,ring,
1495,2008,all_nba,2
1495,2008,all_star,
1495,2009,all_nba,2
1495,2009,all_star,
1495,2010,all_nba,3
1495,2010,all_star,
1495,2011,all_star,
1495,2013,all_nba,1
1495,2013,all_star,
1495,2014,ring,
1495,2015,all_nba,3
1495,2015,all_star,
1717,2001,all_nba,3
1717,2002,all_nba,2
1717,2002,all_star,
1717,2003,all_nba,2
1717,2003,all_star,
1717,2004,all_nba,3
1717,2004,all_star,
1717,2005,all_nba,1
1717,2005,all_star,
1717,2006,all_nba,1
1717,2006,all_star,
1717,2007,all_nba,1
1717,2007,all_star,
1717,2007,mvp,
1717,2008,all_nba,2
1717,2008,all_star,
1717,2009,all_nba,1
1717,2009,all_star,
1717,2010,all_nba,2
1717,2010,all_star,
1717,2011,all_nba,2
1717,2011,all_star,
1717,2011,finals_mvp,
1717,2011,ring,
1717,2012,all_nba,3
1717,2012,all_star,
1717,2014,all_star,
1717,2015,all_star,
1717,2019,all_star,
2544,2005,all_nba,2
2544,2005,all_star,
2544,2006,all_nba,1
2544,2006,all_star,
2544,2007,all_nba,2
2544,2007,all_star,
2544,2008,all_nba,1
2544,2008,all_star,
2544,2009,all_nba,1
2544,2009,all_star,
2544,2009,mvp,
2544,2010,all_nba,1
2544,2010,all_star,
2544,2010,mvp,
2544,2011,all_nba,1
2544,2011,all_star,
2544,2012,all_nba,1
2544,2012,all_star,
2544,2012,finals_mvp,
2544,2012,mvp,
2544,2012,ring,
2544,2013,all_nba,1
2544,2013,all_star,
2544,2013,finals_mvp,
2544,2013,mvp,
2544,2013,ring,
2544,2014,all_nba,1
2544,2014,all_star,
2544,2015,all_nba,1
2544,2015,all_star,
2544,2016,all_nba,1
2544,2016,all_star,
2544,2016,finals_mvp,
2544,2016,ring,
2544,2017,all_nba,1
2544,2017,all_star,
2544,2018,all_nba,1
2544,2018,all_star,
2544,2019,all_nba,3
2544,2019,all_star,
2544,2020,all_nba,1
2544,2020,all_star,
2544,2020,finals_mvp,
2544,2020,ring,
2544,2021,all_nba,2
2544,2021,all_star,
2544,2022,all_nba,3
2544,2022,all_star,
2544,2023,all_nba,3
2544,2023,all_star,
2544,2024,all_nba,3
2544,2024,all_star,
2544,2025,all_nba,2
2544,2025,all_star,
2544,2026,all_star,
76003,1970,all_nba,2
76003,1970,all_star,
76003,1971,all_nba,1
76003,1971,all_star,
76003,1971,finals_mvp,
76003,1971,mvp,
76003,1971,ring,
76003,1972,all_nba,1
76003,1972,all_star,
76003,1972,mvp,
76003,1973,all_nba,1
76003,1973,all_star,
76003,1974,all_nba,1
76003,1974,all_star,
76003,1974,mvp,
76003,1975,all_star,
76003,1976,all_nba,1
76003,1976,all_star,
76003,1976,mvp,
76003,1977,all_nba,1
76003,1977,all_star,
76003,1977,mvp,
76003,1978,all_nba,2
76003,1979,all_nba,2
76003,1979,all_star,
76003,1980,all_nba,1
76003,1980,all_star,
76003,1980,mvp,
76003,1980,ring,
76003,1981,all_nba,1
76003,1981,all_star,
76003,1982,all_star,
76003,1982,ring,
76003,1983,all_nba,2
76003,1983,all_star,
76003,1984,all_nba,1
76003,1984,all_star,
76003,1985,all_nba,2
76003,1985,all_star,
76003,1985,finals_mvp,
76003,1985,ring,
76003,1986,all_nba,1
76003,1986,all_star,
76003,1987,all_star,
76003,1987,ring,
76003,1988,all_star,
76003,1988,ring,
76003,1989,all_star,
76375,1960,all_nba,1
76375,1960,all_star,
76375,1960,mvp,
76375,1961,all_nba,1
76375,1961,all_star,
76375,1962,all_nba,1
76375,1962,all_star,
76375,1963,all_nba,2
76375,1963,all_star,
76375,1964,all_nba,1
76375,1964,all_star,
76375,1965,all_nba,2
76375,1965,all_star,
76375,1966,all_nba,1
76375,1966,all_star,
76375,1966,mvp,
76375,1967,all_nba,1
76375,1967,all_star,
76375,1967,mvp,
76375,1967,ring,
76375,1968,all_nba,1
76375,1968,all_star,
76375,1968,mvp,
76375,1969,all_star,
76375,1971,all_star,
76375,1972,all_nba,2
76375,1972,all_star,
76375,1972,finals_mvp,
76375,1972,ring,
76375,1973,all_star,
77142,1980,all_star,
77142,1980,finals_mvp,
77142,1980,ring,
77142,1982,all_nba,2
77142,1982,all_star,
77142,1982,finals_mvp,
77142,1982,ring,
77142,1983,all_nba,1
77142,1983,all_star,
77142,1984,all_nba,1
77142,1984,all_star,
77142,1985,all_nba,1
77142,1985,all_star,
77142,1985,ring,
77142,1986,all_nba,1
77142,1986,all_star,
77142,1987,all_nba,1
77142,1987,all_star,
77142,1987,finals_mvp,
77142,1987,mvp,
77142,1987,ring,
77142,1988,all_nba,1
77142,1988,all_star,
77142,1988,ring,
77142,1989,all_nba,1
77142,1989,all_star,
77142,1989,mvp,
77142,1990,all_nba,1
77142,1990,all_star,
77142,1990,mvp,
77142,1991,all_nba,1
77142,1991,all_star,
77449,1978,all_star,
77449,1979,all_nba,1
77449,1979,all_star,
77449,1979,mvp,
77449,1980,all_nba,2
77449,1980,all_star,
77449,1981,all_nba,2
77449,1981,all_star,
77449,1982,all_nba,1
77449,1982,all_star,
77449,1982,mvp,
77449,1983,all_nba,1
77449,1983,all_star,
77449,1983,finals_mvp,
77449,1983,mvp,
77449,1983,ring,
77449,1984,all_nba,2
77449,1984,all_star,
77449,1985,all_nba,1
77449,1985,all_star,
77449,1986,all_star,
77449,1987,all_nba,2
77449,1987,all_star,
77449,1988,all_star,
77449,1989,all_star,
78049,1957,ring,
78049,1958,all_nba,2
78049,1958,all_star,
78049,1958,mvp,
78049,1959,all_nba,1
78049,1959,all_star,
78049,1959,ring,
78049,1960,all_nba,2
78049,1960,all_star,
78049,1960,ring,
78049,1961,all_nba,2
78049,1961,all_star,
78049,1961,mvp,
78049,1961,ring,
78049,1962,all_nba,2
78049,1962,all_star,
78049,1962,mvp,
78049,1962,ring,
78049,1963,all_nba,1
78049,1963,all_star,
78049,1963,mvp,
78049,1963,ring,
78049,1964,all_nba,2
78049,1964,all_star,
78049,1964,ring,
78049,1965,all_nba,1
78049,1965,all_star,
78049,1965,mvp,
78049,1965,ring,
78049,1966,all_nba,2
78049,1966,all_star,
78049,1966,ring,
78049,1967,all_nba,2
78049,1967,all_star,
78049,1968,all_nba,2
78049,1968,all_star,
78049,1968,ring,
78049,1969,all_star,
78049,1969,ring,
78497,1961,all_star,
78497,1962,all_nba,1
78497,1962,all_star,
78497,1963,all_nba,1
78497,1963,all_star,
78497,1964,all_nba,1
78497,1964,all_star,
78497,1965,all_nba,1
78497,1965,all_star,
78497,1966,all_nba,1
78497,1966,all_star,
78497,1967,all_nba,1
78497,1967,all_star,
78497,1968,all_nba,2
78497,1968,all_star,
78497,1969,all_nba,2
78497,1969,all_star,
78497,1969,finals_mvp,
78497,1970,all_nba,1
78497,1970,all_star,
78497,1971,all_nba,1
78497,1971,all_star,
78497,1972,all_nba,1
78497,1972,all_star,
78497,1972,ring,
78497,1973,all_nba,1
78497,1973,all_star,
78497,1974,all_star,
201142,2010,all_nba,1
201142,2010,all_star,
201142,2011,all_nba,1
201142,2011,all_star,
201142,2012,all_nba,1
201142,2012,all_star,
201142,2013,all_nba,1
201142,2013,all_star,
201142,2014,all_nba,1
201142,2014,all_star,
201142,2014,mvp,
201142,2015,all_star,
201142,2016,all_nba,2
201142,2016,all_star,
201142,2017,all_nba,2
201142,2017,all_star,
201142,2017,finals_mvp,
201142,2017,ring,
201142,2018,all_nba,1
201142,2018,all_star,
201142,2018,finals_mvp,
201142,2018,ring,
201142,2019,all_nba,2
201142,2019,all_star,
201142,2021,all_star,
201142,2022,all_nba,2
201142,2022,all_star,
201142,2023,all_star,
201142,2024,all_nba,2
201142,2024,all_star,
201142,2025,all_star,
201142,2026,all_nba,2
201142,2026,all_star,
201939,2014,all_nba,2
201939,2014,all_star,
201939,2015,all_nba,1
201939,2015,all_star,
201939,2015,mvp,
201939,2015,ring,
201939,2016,all_nba,1
201939,2016,all_star,
201939,2016,mvp,
201939,2017,all_nba,2
201939,2017,all_star,
201939,2017,ring,
201939,2018,all_nba,3
201939,2018,all_star,
201939,2018,ring,
201939,2019,all_nba,1
201939,2019,all_star,
201939,2021,all_nba,1
201939,2021,all_star,
201939,2022,all_nba,2
201939,2022,all_star,
201939,2022,finals_mvp,
201939,2022,ring,
201939,2023,all_nba,2
201939,2023,all_star,
201939,2024,all_nba,3
201939,2024,all_star,
201939,2025,all_nba,2
201939,2025,all_star,
201939,2026,all_star,
203507,2017,all_nba,2
203507,2017,all_star,
203507,2018,all_nba,2
203507,2018,all_star,
203507,2019,all_nba,1
203507,2019,all_star,
203507,2019,mvp,
203507,2020,all_nba,1
203507,2020,all_star,
203507,2020,dpoy,
203507,2020,mvp,
203507,2021,all_nba,1
203507,2021,all_star,
203507,2021,finals_mvp,
203507,2021,ring,
203507,2022,all_nba,1
203507,2022,all_star,
203507,2023,all_nba,1
203507,2023,all_star,
203507,2024,all_nba,1
203507,2024,all_star,
203507,2025,all_nba,1
203507,2025,all_star,
203507,2026,all_star,
203999,2019,all_nba,1
203999,2019,all_star,
203999,2020,all_nba,2
203999,2020,all_star,
203999,2021,all_nba,1
203999,2021,all_star,
203999,2021,mvp,
203999,2022,all_nba,1
203999,2022,all_star,
203999,2022,mvp,
203999,2023,all_nba,2
203999,2023,all_star,
203999,2023,finals_mvp,
203999,2023,ring,
203999,2024,all_nba,1
203999,2024,all_star,
203999,2024,mvp,
203999,2025,all_nba,1
203999,2025,all_star,
203999,2026,all_nba,1
203999,2026,all_star,
600015,1961,all_nba,1
600015,1961,all_star,
600015,1962,all_nba,1
600015,1962,all_star,
600015,1963,all_nba,1
600015,1963,all_star,
600015,1964,all_nba,1
600015,1964,all_star,
600015,1964,mvp,
600015,1965,all_nba,1
600015,1965,all_star,
600015,1966,all_nba,1
600015,1966,all_star,
600015,1967,all_nba,1
600015,1967,all_star,
600015,1968,all_nba,1
600015,1968,all_star,
600015,1969,all_nba,1
600015,1969,all_star,
600015,1970,all_nba,2
600015,1970,all_star,
600015,1971,all_nba,2
600015,1971,all_star,
600015,1971,ring,
600015,1972,all_star,
