player_id,season,team_abbr,gp,mp,pts,trb,ast,fgm,fga,ftm,fta,fg3m,fg3a,stl,blk,tov,po_gp,po_mp,po_pts,po_trb,po_ast,team_srs,ws
165,1985,HOU,82,2914,1692,974,111,677,1258,338,551,0,0,99,220,234,5,187,106,65,7,1.3818,10.2
165,1986,HOU,68,2467,1597,781,137,625,1188,347,538,0,0,134,231,195,20,766,537,236,39,2.1065,9.5
165,1987,HOU,75,2760,1755,858,220,677,1332,400,570,1,5,140,254,228,10,389,292,113,25,0.6033,10.9
165,1988,HOU,79,2825,1805,959,163,712,1385,381,548,0,4,162,214,243,4,162,150,67,7,0.8191,10.7
165,1989,HOU,82,3024,2034,1105,149,790,1556,454,652,0,10,213,282,275,4,162,101,52,12,0.2204,12.4
165,1990,HOU,82,3124,1995,1149,234,806,1609,382,536,1,6,174,376,316,4,161,74,46,8,1.7048,11.2
165,1991,HOU,56,2062,1187,770,131,487,959,213,277,0,4,121,221,174,3,129,66,44,6,3.27,8.6
165,1992,HOU,70,2636,1510,845,157,591,1177,328,428,0,1,127,304,187,,,,,,-1.9409,9.8
165,1993,HOU,82,3242,2140,1068,291,848,1603,444,570,0,8,150,342,262,12,518,308,168,57,3.571,15.8
165,1994,HOU,80,3277,2184,955,287,894,1694,388,542,8,19,128,297,271,23,989,664,254,98,4.194,14.3
165,1995,HOU,72,2853,2005,775,255,798,1545,406,537,3,16,133,242,237,22,929,725,227,98,2.3181,10.7
165,1996,HOU,72,2797,1936,784,257,768,1494,397,548,3,14,113,207,247,8,329,179,73,31,1.6255,9.7
165,1997,HOU,78,2851,1810,716,236,727,1426,351,446,5,16,117,173,281,16,629,370,174,54,3.8472,9.1
165,1998,HOU,47,1633,772,460,143,306,633,160,212,0,3,84,96,126,5,190,102,54,12,-1.2237,4.5
165,1999,HOU,50,1784,945,478,88,373,725,195,272,4,13,82,123,139,4,123,53,29,2,1.3922,6.5
165,2000,HOU,44,1049,455,274,61,193,421,69,112,0,2,41,70,73,,,,,,-0.563,1.6
165,2001,HOU,58,1545,689,431,72,283,568,123,198,0,1,70,88,81,,,,,,2.7077,5.0
165,2002,TOR,61,1375,435,366,66,194,418,47,84,0,2,74,90,98,5,86,28,19,2,-0.7065,2.1
406,1993,ORL,81,3071,1893,1122,152,733,1304,427,721,0,2,60,286,307,,,,,,1.3456,10.4
406,1994,ORL,81,3224,2377,1072,195,953,1591,471,850,0,2,76,231,222,3,126,62,40,7,3.6772,16.9
406,1995,ORL,79,2923,2315,901,214,930,1594,455,854,0,5,73,192,204,21,805,539,250,70,6.4389,14.0
406,1996,ORL,54,1946,1434,596,155,592,1033,249,511,1,2,34,115,155,12,459,310,120,55,5.3945,6.9
406,1997,LAL,51,1943,1336,640,159,552,991,232,479,0,4,46,147,146,9,326,242,95,29,3.6496,8.0
406,1998,LAL,60,2175,1699,681,142,670,1147,359,681,0,0,39,144,175,13,501,396,132,38,6.8809,10.2
406,1999,LAL,49,1705,1289,525,114,510,885,269,498,0,1,36,82,122,8,315,213,93,18,2.6746,9.0
406,2000,LAL,79,3163,2344,1078,299,956,1665,432,824,0,1,36,239,223,23,1000,707,355,71,8.4138,18.6
406,2001,LAL,74,2924,2125,940,277,813,1422,499,972,0,2,47,204,218,16,676,487,247,51,3.7426,14.9
406,2002,LAL,67,2421,1822,715,200,712,1229,398,717,0,1,41,137,171,19,776,541,239,54,7.1451,13.2
406,2003,LAL,67,2535,1841,742,206,695,1211,451,725,0,0,38,159,196,12,481,324,178,44,2.7081,13.2
406,2004,LAL,67,2464,1439,769,196,554,948,331,676,0,0,34,166,195,22,917,473,291,55,4.3496,9.9
406,2005,MIA,73,2490,1669,760,200,658,1095,353,765,0,0,36,171,203,13,431,252,102,25,5.7612,11.0
406,2006,MIA,59,1806,1181,541,113,480,800,221,471,0,0,23,104,168,23,759,424,225,39,3.5927,6.2
406,2007,MIA,40,1135,690,297,79,283,479,124,294,0,0,8,55,95,4,121,75,34,5,-1.2098,2.8
406,2008,MIA/PHX,61,1748,832,554,93,331,558,170,338,0,0,32,88,181,5,150,76,46,5,-2.2557,2.8
406,2009,PHX,75,2252,1333,633,126,512,841,309,519,0,1,49,108,168,,,,,,1.6221,7.8
406,2010,CLE,53,1240,636,355,80,262,463,112,226,0,1,15,62,105,11,243,127,61,15,6.1734,3.1
406,2011,BOS,37,752,341,178,26,134,201,73,131,0,0,16,42,56,2,12,2,0,1,4.8252,2.7
708,1996,MIN,80,2293,835,501,145,361,735,105,149,8,28,86,131,110,,,,,,-5.1419,4.4
708,1997,MIN,77,2991,1309,618,236,549,1100,205,272,6,21,105,163,175,3,125,52,28,11,-1.8272,7.3
708,1998,MIN,82,3222,1518,786,348,635,1293,245,332,3,16,139,150,192,5,194,79,48,20,0.1716,9.6
708,1999,MIN,47,1780,977,489,202,414,900,145,206,4,14,78,83,135,4,170,87,48,15,-0.1708,5.4
708,2000,MIN,81,3243,1857,956,401,759,1526,309,404,30,81,120,126,268,4,171,75,43,35,2.6696,11.6
708,2001,MIN,81,3202,1784,921,401,704,1475,357,467,19,66,111,145,230,4,165,84,48,17,1.8123,11.8
708,2002,MIN,81,3172,1714,981,422,659,1401,359,448,37,116,96,126,229,3,130,72,56,15,3.5754,12.8
708,2003,MIN,82,3321,1883,1102,495,743,1481,377,502,20,71,113,129,229,6,265,162,94,31,2.4639,15.6
708,2004,MIN,82,3232,1987,1139,409,804,1611,368,465,11,43,120,178,212,18,783,438,263,92,5.8613,18.3
708,2005,MIN,82,3121,1817,1108,466,683,1360,445,549,6,25,121,112,222,,,,,,1.7256,16.1
708,2006,MIN,76,2957,1656,966,308,626,1191,396,489,8,30,104,107,180,,,,,,-1.747,14.9
708,2007,MIN,76,2995,1704,975,313,638,1341,416,498,12,56,89,126,205,,,,,,-3.1619,10.7
708,2008,BOS,71,2328,1337,655,244,534,990,269,336,0,11,100,89,138,26,987,530,274,87,9.3073,12.9
708,2009,BOS,57,1772,899,485,144,393,740,111,132,2,8,63,68,90,,,,,,7.4439,7.1
708,2010,BOS,69,2060,990,506,185,402,772,185,221,1,5,68,57,101,23,766,345,170,58,3.3731,7.3
708,2011,BOS,71,2220,1056,631,171,434,822,187,217,1,5,95,57,115,9,328,134,98,23,4.8252,9.0
708,2012,BOS,60,1864,947,494,175,391,777,162,189,3,9,56,61,107,20,737,384,206,30,2.2602,6.9
708,2013,BOS,68,2022,1004,530,159,422,850,158,201,2,16,78,62,110,6,212,76,82,21,-0.5713,5.6
708,2014,BKN,54,1109,352,358,82,157,356,38,47,0,3,43,40,69,12,250,83,76,16,-1.5784,1.2
708,2015,BKN/MIN,47,952,323,311,77,143,306,36,45,1,7,46,17,46,,,,,,-3.6467,1.9
708,2016,MIN,38,556,122,150,62,54,115,14,21,0,1,28,10,16,,,,,,-3.3823,1.1
893,1985,CHI,82,3144,2313,534,481,837,1625,630,746,9,52,196,69,291,4,171,117,23,34,-0.4963,14.0
893,1986,CHI,18,451,408,64,53,150,328,105,125,3,18,37,21,45,3,135,131,19,17,-3.115,1.5
893,1987,CHI,82,3281,3041,430,377,1098,2279,833,972,12,66,236,125,272,3,128,107,21,18,1.269,16.9
893,1988,CHI,82,3311,2868,449,485,1069,1998,723,860,7,53,259,131,252,10,427,363,71,47,3.7556,21.2
893,1989,CHI,81,3255,2633,652,650,966,1795,674,793,27,98,234,65,290,17,718,591,119,130,2.1303,19.8
893,1990,CHI,82,3197,2753,565,519,1034,1964,593,699,92,245,227,54,247,16,674,587,115,109,2.74,19.0
893,1991,CHI,82,3034,2580,492,453,990,1837,571,671,29,93,223,83,202,17,689,529,108,142,8.566,20.3
893,1992,CHI,80,3102,2404,511,489,943,1818,491,590,27,100,182,75,200,22,920,759,137,127,10.0682,17.7
893,1993,CHI,78,3067,2541,522,428,992,2003,476,569,81,230,221,61,207,19,783,666,128,114,6.1926,17.2
893,1995,CHI,17,668,457,117,90,166,404,109,136,16,32,30,13,35,10,420,315,65,45,4.3108,2.3
893,1996,CHI,82,3090,2491,543,352,916,1850,548,657,111,260,180,42,197,18,733,552,89,74,11.7991,20.4
893,1997,CHI,82,3109,2431,482,352,920,1892,480,576,111,297,140,44,166,19,804,590,150,91,10.7026,18.3
893,1998,CHI,82,3181,2357,475,283,881,1893,565,721,30,126,141,45,185,21,872,680,107,74,7.2446,15.8
893,2002,WAS,60,2089,1375,339,310,551,1324,263,333,10,53,85,26,162,,,,,,-1.5764,3.3
893,2003,WAS,82,3031,1640,497,311,679,1527,266,324,16,55,123,39,173,,,,,,-1.4672,6.2
977,1997,LAL,71,1102,539,132,91,176,422,136,166,51,136,49,23,112,9,133,74,11,11,3.6496,1.8
977,1998,LAL,79,2056,1220,242,199,391,913,363,457,75,220,74,40,157,11,220,96,21,16,6.8809,6.3
977,1999,LAL,50,1896,996,264,190,362,779,245,292,27,101,72,50,157,8,315,158,55,37,2.6746,5.2
977,2000,LAL,66,2524,1485,416,323,554,1183,331,403,46,144,106,62,182,22,857,465,98,97,8.4138,10.6
977,2001,LAL,68,2783,1938,399,338,701,1510,475,557,61,200,114,43,220,16,694,471,116,97,3.7426,11.3
977,2002,LAL,80,3065,2019,441,438,749,1597,488,589,33,132,118,35,223,19,833,506,111,87,7.1451,12.7
977,2003,LAL,82,3401,2461,564,481,868,1924,601,713,124,324,181,67,288,12,531,385,61,62,2.7081,14.9
977,2004,LAL,65,2452,1557,359,330,516,1178,454,533,71,217,112,28,171,22,973,539,104,121,4.3496,10.7
977,2005,LAL,66,2689,1819,392,398,573,1324,542,664,131,387,86,53,270,,,,,,-2.3276,8.1
977,2006,LAL,80,3277,2832,425,360,978,2173,696,819,180,518,147,30,250,7,314,195,44,36,2.5252,15.3
977,2007,LAL,77,3140,2430,439,413,813,1757,667,768,137,398,111,36,255,5,215,164,26,22,0.2381,13.0
977,2008,LAL,82,3192,2323,517,441,775,1690,623,742,150,415,151,40,257,21,863,633,119,117,7.3446,13.8
977,2009,LAL,82,2960,2201,429,399,800,1712,483,564,118,336,120,37,210,23,940,695,123,126,7.1129,12.7
977,2010,LAL,73,2835,1970,391,365,716,1569,439,541,99,301,113,20,233,23,923,671,138,126,4.782,9.4
977,2011,LAL,82,2779,2078,419,388,740,1639,483,583,115,356,99,12,243,10,354,228,34,33,6.0082,10.3
977,2012,LAL,58,2232,1616,313,264,574,1336,381,451,87,287,69,18,204,12,476,360,58,52,1.9632,6.2
977,2013,LAL,78,3013,2133,433,469,738,1595,525,626,132,407,106,25,287,,,,,,1.4837,10.9
977,2014,LAL,6,177,83,26,38,31,73,18,21,3,16,7,1,34,,,,,,-5.3325,-0.4
977,2015,LAL,35,1207,782,199,197,266,713,196,241,54,184,47,7,128,,,,,,-6.1667,0.2
977,2016,LAL,66,1863,1161,247,184,398,1113,232,281,133,467,62,13,129,,,,,,-8.9166,-0.4
1449,1980,BOS,82,2955,1745,852,370,693,1463,301,360,58,143,143,53,263,9,372,192,101,42,7.3678,11.2
1449,1981,BOS,82,3239,1741,895,451,719,1503,283,328,20,74,161,63,289,17,750,373,238,103,6.0513,10.8
1449,1982,BOS,77,2923,1761,837,447,711,1414,328,380,11,52,143,66,254,12,490,214,150,67,6.3478,12.5
1449,1983,BOS,79,2982,1867,870,458,747,1481,351,418,22,77,148,71,240,6,240,123,75,41,5.3407,14.0
1449,1984,BOS,79,3028,1908,796,520,758,1542,374,421,18,73,144,69,237,23,961,632,252,136,6.4222,13.6
1449,1985,BOS,80,3161,2295,842,531,918,1760,403,457,56,131,129,98,248,20,815,520,182,115,6.467,15.7
1449,1986,BOS,82,3113,2115,805,557,796,1606,441,492,82,194,166,51,266,18,770,466,168,148,9.0578,15.8
1449,1987,BOS,74,3005,2076,682,566,786,1497,414,455,90,225,135,70,240,23,1015,622,231,165,6.5767,15.2
1449,1988,BOS,76,2965,2275,703,467,881,1672,415,453,98,237,125,57,213,17,763,417,150,115,6.154,15.0
1449,1989,BOS,6,189,116,37,29,49,104,18,19,0,0,6,5,11,,,,,,1.2598,0.5
1449,1990,BOS,75,2944,1820,712,562,718,1517,319,343,65,195,106,61,243,5,207,122,46,44,3.2272,9.5
1449,1991,BOS,60,2277,1164,509,431,462,1017,163,183,77,198,108,58,187,10,396,171,72,65,5.2123,6.6
1449,1992,BOS,45,1662,908,434,306,353,758,150,162,52,128,42,33,125,4,107,45,18,21,3.4157,5.5
1495,1998,SAS,82,3204,1731,977,224,706,1287,319,482,0,10,55,206,279,9,374,186,81,17,3.2995,12.8
1495,1999,SAS,50,1963,1084,571,121,418,845,247,358,1,7,45,126,146,17,733,395,195,48,7.1203,8.7
1495,2000,SAS,74,2875,1716,918,234,628,1281,459,603,1,11,66,165,242,,,,,,5.9254,13.0
1495,2001,SAS,82,3174,1820,997,245,702,1406,409,662,7,27,70,192,242,13,526,317,188,49,7.917,13.2
1495,2002,SAS,82,3329,2089,1042,307,764,1504,560,701,1,10,61,203,263,9,380,248,130,45,6.2731,17.8
1495,2003,SAS,81,3181,1884,1043,316,714,1392,450,634,6,22,55,237,248,24,1021,593,369,127,5.65,16.5
1495,2004,SAS,69,2527,1538,859,213,592,1181,352,588,2,12,62,185,183,10,405,221,113,32,7.5124,13.1
1495,2005,SAS,66,2203,1342,732,179,517,1042,305,455,3,9,45,174,127,23,869,542,286,63,7.8351,11.2
1495,2006,SAS,80,2784,1485,881,253,574,1185,335,533,2,5,70,162,198,13,493,336,137,43,6.6897,10.8
1495,2007,SAS,80,2726,1599,846,273,618,1131,362,568,1,9,66,190,224,20,736,444,229,65,8.3472,13.0
1495,2008,SAS,78,2651,1508,881,218,585,1178,338,463,0,4,56,152,178,17,666,343,247,56,5.1039,11.1
1495,2009,SAS,75,2523,1450,800,264,558,1107,334,483,0,2,38,126,165,5,164,99,40,16,3.3613,10.1
1495,2010,SAS,78,2438,1395,788,246,561,1082,271,374,2,11,45,117,140,10,373,190,99,26,5.0722,10.9
1495,2011,SAS,76,2156,1022,678,203,419,838,184,257,0,4,50,146,122,6,212,76,63,16,5.8633,7.7
1495,2012,SAS,58,1634,895,520,132,361,733,173,249,0,4,38,88,97,14,463,243,131,39,7.2777,5.9
1495,2013,SAS,69,2078,1227,686,184,490,976,245,300,2,7,50,183,147,21,735,381,214,40,6.6692,8.3
1495,2014,SAS,74,2158,1119,721,220,444,906,231,316,0,5,43,139,159,23,752,374,211,45,7.994,7.4
1495,2015,SAS,77,2227,1070,704,230,419,819,230,311,2,7,63,151,131,7,250,125,78,23,6.337,9.6
1495,2016,SAS,61,1536,522,447,163,215,441,92,131,0,2,47,78,90,10,218,59,48,14,10.2766,5.2
1717,1999,DAL,47,958,385,162,47,136,336,99,128,14,68,29,27,73,,,,,,-2.5006,0.8
1717,2000,DAL,82,2938,1435,532,203,515,1118,289,348,116,306,63,68,141,,,,,,-0.2839,8.1
1717,2001,DAL,82,3125,1784,754,173,591,1247,451,538,151,390,79,101,156,10,399,234,81,14,4.603,14.6
1717,2002,DAL,76,2891,1779,755,186,600,1258,440,516,139,350,83,77,145,8,357,227,105,18,4.4126,13.4
1717,2003,DAL,80,3117,2011,791,239,690,1489,483,548,148,390,111,82,152,17,722,430,196,37,7.9058,16.1
1717,2004,DAL,77,2914,1680,670,207,605,1310,371,423,99,290,92,104,135,5,212,133,59,7,4.8613,11.5
1717,2005,DAL,78,3020,2032,757,240,663,1445,615,708,91,228,97,119,176,13,551,308,131,43,5.8529,15.6
1717,2006,DAL,81,3089,2151,728,226,751,1564,539,598,110,271,58,83,156,23,983,620,268,67,5.9627,17.7
1717,2007,DAL,78,2820,1916,693,263,673,1341,498,551,72,173,52,62,167,6,239,118,68,14,7.2757,16.3
1717,2008,DAL,77,2769,1817,659,266,630,1314,478,544,79,220,51,71,160,5,211,134,60,20,4.7027,12.9
1717,2009,DAL,81,3050,2094,681,197,774,1616,485,545,61,170,61,63,157,10,394,268,101,31,1.6832,10.9
1717,2010,DAL,81,3039,2027,620,218,720,1496,536,586,51,121,70,79,149,6,233,160,49,18,2.6695,12.3
1717,2011,DAL,73,2504,1681,513,190,610,1179,395,443,66,168,38,47,137,21,826,582,171,53,4.4076,11.1
1717,2012,DAL,62,2079,1342,418,136,473,1034,318,355,78,212,42,30,117,4,154,107,25,7,1.7823,7.6
1717,2013,DAL,53,1661,917,363,132,343,728,166,193,65,157,38,37,70,,,,,,-0.2366,5.0
1717,2014,DAL,80,2628,1735,498,216,633,1273,338,376,131,329,73,45,117,7,263,134,56,11,2.9022,10.9
1717,2015,DAL,77,2282,1333,457,143,487,1062,255,289,104,274,39,33,82,5,181,106,52,12,3.3642,7.2
1717,2016,DAL,75,2364,1372,489,132,498,1112,250,280,126,342,52,52,84,5,170,102,24,8,-0.0162,6.8
1717,2017,DAL,54,1424,769,353,82,296,678,98,112,79,209,30,38,51,,,,,,-2.5237,2.5
1717,2018,DAL,77,1900,927,438,120,346,758,97,108,138,337,43,45,51,,,,,,-2.7003,4.8
1717,2019,DAL,51,795,373,158,35,135,376,39,50,64,205,9,18,18,,,,,,-0.8618,0.3
2544,2004,CLE,79,3120,1654,432,465,622,1492,347,460,63,217,130,58,273,,,,,,-3.0662,5.1
2544,2005,CLE,80,3388,2175,588,577,795,1684,477,636,108,308,177,52,262,,,,,,0.2704,14.3
2544,2006,CLE,79,3361,2478,556,521,875,1823,601,814,127,379,123,66,260,13,604,400,105,76,2.17,16.3
2544,2007,CLE,78,3190,2132,526,470,772,1621,489,701,99,310,125,55,250,20,893,501,161,159,3.3286,13.7
2544,2008,CLE,75,3027,2250,592,539,794,1642,549,771,113,359,138,81,255,13,552,366,102,99,-0.5243,15.2
2544,2009,CLE,81,3054,2304,613,587,789,1613,594,762,132,384,137,93,241,14,580,494,128,102,8.6804,20.3
2544,2010,CLE,76,2966,2258,554,651,768,1528,593,773,129,387,125,77,261,11,460,320,102,84,6.1734,18.5
2544,2011,MIA,79,3063,2111,590,554,758,1485,503,663,92,279,124,50,284,21,922,497,176,123,6.756,15.6
2544,2012,MIA,62,2326,1683,492,387,621,1169,387,502,54,149,115,50,213,23,983,697,224,129,5.7194,14.5
2544,2013,MIA,76,2877,2036,610,551,765,1354,403,535,103,254,129,67,226,23,960,596,193,152,7.031,19.3
2544,2014,MIA,77,2902,2089,533,488,767,1353,439,585,116,306,121,26,270,20,763,548,141,95,4.1459,15.9
2544,2015,CLE,69,2493,1743,416,511,624,1279,375,528,120,339,109,49,272,20,844,601,226,169,4.0795,10.4
2544,2016,CLE,76,2709,1920,565,514,737,1416,359,491,87,282,104,49,249,21,822,552,200,160,5.4521,13.6
2544,2017,CLE,74,2795,1954,639,646,736,1344,358,531,124,342,92,44,303,18,744,591,164,141,2.8754,12.9
2544,2018,CLE,82,3026,2251,709,747,857,1580,388,531,149,406,116,71,347,22,922,748,200,198,0.5936,14.0
2544,2019,LAL,55,1937,1505,465,454,558,1095,278,418,111,327,72,33,197,,,,,,-1.3242,7.2
2544,2020,LAL,67,2316,1698,525,684,643,1303,264,381,148,425,78,36,261,21,762,580,226,184,6.4423,9.8
2544,2021,LAL,45,1504,1126,346,350,422,823,178,255,104,285,48,25,168,6,224,140,43,48,2.7649,5.6
2544,2022,LAL,56,2084,1695,459,349,640,1221,254,336,161,448,73,59,196,,,,,,-3.0819,7.5
2544,2023,LAL,55,1954,1590,457,375,609,1219,251,327,121,377,50,32,178,16,619,392,158,104,0.4268,5.6
2544,2024,LAL,71,2504,1822,518,589,685,1269,303,404,149,363,89,38,245,5,204,139,34,44,1.0733,8.5
2544,2025,LAL,70,2444,1710,546,575,651,1270,259,331,149,396,70,39,260,5,204,127,45,28,1.4494,7.7
2544,2026,LAL,60,1989,1256,364,432,473,919,233,316,77,243,72,35,179,10,384,232,67,73,1.6842,5.4
76003,1970,MIL,82,3534,2361,1190,337,938,1810,485,743,,,,,,10,435,352,168,41,4.2527,13.8
76003,1971,MIL,82,3288,2596,1311,272,1063,1843,470,681,,,,,,14,577,372,238,35,11.9122,22.3
76003,1972,MIL,81,3583,2822,1346,370,1159,2019,504,732,,,,,,11,510,316,200,56,10.6989,25.4
76003,1973,MIL,76,3254,2292,1224,379,982,1772,328,460,,,,,,6,276,137,97,17,7.8364,21.9
76003,1974,MIL,81,3548,2191,1178,386,948,1759,295,420,,,112,283,,16,758,515,253,78,7.6128,18.4
76003,1975,MIL,65,2747,1949,912,264,812,1584,325,426,,,65,212,,,,,,,0.2543,12.9
76003,1976,LAL,82,3379,2275,1383,413,914,1728,447,636,,,119,338,,,,,,,0.1712,17.0
76003,1977,LAL,82,3016,2152,1090,319,888,1533,376,536,,,101,261,,11,467,381,195,45,2.6462,17.8
76003,1978,LAL,62,2265,1600,801,269,663,1205,274,350,,,103,185,208,3,134,81,41,11,2.5891,12.1
76003,1979,LAL,80,3157,1903,1025,431,777,1347,349,474,,,76,316,282,8,367,228,101,38,2.9462,14.4
76003,1980,LAL,82,3143,2034,886,371,835,1383,364,476,0,1,81,280,297,15,618,479,181,46,5.3936,14.8
76003,1981,LAL,80,2976,2095,821,272,836,1457,423,552,0,1,59,228,249,3,134,80,50,12,3.2728,14.3
76003,1982,LAL,76,2677,1818,659,225,753,1301,312,442,0,3,63,207,230,14,493,285,119,51,4.3692,10.7
76003,1983,LAL,79,2554,1722,592,200,722,1228,278,371,0,2,61,170,200,15,588,406,115,42,5.0616,10.9
76003,1984,LAL,80,2622,1717,587,211,716,1238,285,394,0,1,55,143,221,21,767,502,173,79,3.3199,8.9
76003,1985,LAL,79,2630,1735,622,249,723,1207,289,395,0,1,63,162,197,19,610,416,154,76,6.4831,11.2
76003,1986,LAL,79,2629,1846,478,280,755,1338,336,439,0,2,67,130,203,14,489,362,83,49,6.8409,10.8
76003,1987,LAL,78,2441,1366,523,203,560,993,245,343,1,3,49,97,186,18,559,345,123,36,8.3211,7.5
76003,1988,LAL,80,2308,1165,478,135,480,903,205,269,0,1,48,92,159,24,718,338,131,36,4.8128,5.3
76003,1989,LAL,74,1695,748,334,74,313,659,122,165,0,3,38,85,95,15,351,167,59,19,6.3841,2.9
76375,1960,PHW,72,3338,2707,1941,168,1065,2311,577,991,,,,,,9,415,299,232,19,2.7721,17.0
76375,1961,PHW,79,3773,3033,2149,148,1251,2457,531,1054,,,,,,3,144,111,69,6,0.8793,18.8
76375,1962,PHW,80,3882,4029,2052,192,1597,3159,835,1363,,,,,,12,576,420,319,37,2.6342,23.1
76375,1963,SFW,80,3806,3586,1946,275,1463,2770,660,1113,,,,,,,,,,,-1.8631,20.9
76375,1964,SFW,80,3689,2948,1787,403,1204,2298,540,1016,,,,,,12,558,416,302,39,4.3902,25.0
76375,1965,PHL/SFW,73,3301,2534,1673,250,1063,2083,408,880,,,,,,11,536,322,299,48,-2.9212,15.1
76375,1966,PHL,79,3737,2649,1943,414,1074,1990,501,976,,,,,,5,240,140,151,15,4.1556,21.4
76375,1967,PHL,81,3682,1956,1957,630,785,1150,386,875,,,,,,15,718,326,437,135,8.5,21.9
76375,1968,PHL,82,3836,1992,1952,702,819,1377,354,932,,,,,,13,631,308,321,85,7.9558,20.4
76375,1969,LAL,81,3669,1664,1712,366,641,1099,382,857,,,,,,18,832,250,444,46,3.8422,14.7
76375,1970,LAL,12,505,328,221,49,129,227,70,157,,,,,,18,851,398,399,81,1.7562,2.3
76375,1971,LAL,82,3630,1696,1493,352,668,1226,360,669,,,,,,12,554,220,242,53,3.2633,12.6
76375,1972,LAL,82,3469,1213,1572,329,496,764,221,524,,,,,,15,703,220,315,49,11.6521,15.8
76375,1973,LAL,82,3542,1084,1526,365,426,586,232,455,,,,,,17,801,177,383,60,8.1544,18.2
77142,1980,LAL,77,2795,1387,596,563,503,949,374,462,7,31,187,41,305,16,658,293,168,151,5.3936,10.5
77142,1981,LAL,37,1371,798,320,317,312,587,171,225,3,17,127,27,143,3,127,51,41,21,3.2728,6.4
77142,1982,LAL,78,2991,1447,751,743,556,1036,329,433,6,29,208,34,286,14,562,243,158,130,4.3692,12.9
77142,1983,LAL,79,2907,1326,683,829,511,933,304,380,0,21,176,47,301,15,643,268,128,192,5.0616,12.5
77142,1984,LAL,67,2567,1178,491,875,441,780,290,358,6,29,150,49,306,21,837,382,139,284,3.3199,10.2
77142,1985,LAL,77,2781,1406,476,968,504,899,391,464,7,37,113,25,305,19,687,333,134,289,6.4831,12.7
77142,1986,LAL,72,2578,1354,426,907,483,918,378,434,10,43,113,16,273,14,541,302,100,211,6.8409,12.1
77142,1987,LAL,80,2904,1909,504,977,683,1308,535,631,8,39,138,36,300,18,666,392,139,219,8.3211,15.9
77142,1988,LAL,72,2637,1408,449,858,490,996,417,489,11,56,114,13,269,24,965,477,130,303,4.8128,10.9
77142,1989,LAL,77,2886,1730,607,988,579,1137,513,563,59,188,138,22,312,14,518,258,83,165,6.3841,16.1
77142,1990,LAL,79,2937,1765,522,907,546,1138,567,637,106,276,132,34,289,9,376,227,57,115,6.7387,16.5
77142,1991,LAL,79,2933,1531,551,989,466,976,519,573,80,250,102,17,314,19,823,414,154,240,6.7298,15.4
77142,1996,LAL,32,958,468,183,220,137,294,172,201,22,58,26,13,103,4,135,61,34,26,4.2069,3.6
77449,1977,BUF/HOU,82,2506,1083,1072,89,389,810,305,440,,,67,181,,12,518,225,203,7,1.3017,8.7
77449,1978,HOU,59,2107,1144,886,31,413,828,318,443,,,48,76,220,,,,,,-3.828,6.1
77449,1979,HOU,82,3390,2031,1444,147,716,1325,599,811,,,79,119,326,2,78,49,41,2,0.9165,14.1
77449,1980,HOU,82,3140,2119,1190,147,778,1549,563,783,0,6,80,107,300,7,275,181,97,7,0.2655,11.9
77449,1981,HOU,80,3245,2222,1180,141,806,1545,609,804,1,3,83,150,308,21,955,562,305,35,-0.1974,13.7
77449,1982,HOU,81,3398,2520,1188,142,945,1822,630,827,0,6,76,125,294,3,136,72,51,10,-0.3931,15.4
77449,1983,PHL,78,2922,1908,1194,101,654,1305,600,788,0,1,89,157,264,13,524,338,206,20,7.5268,15.1
77449,1984,PHL,71,2613,1609,950,96,532,1101,545,727,0,4,71,110,250,5,212,107,69,7,2.39,9.5
77449,1985,PHL,79,2957,1941,1031,130,602,1284,737,904,0,2,67,123,286,13,505,262,138,24,4.1737,11.9
77449,1986,PHL,74,2706,1759,872,90,571,1246,617,784,0,1,67,71,261,,,,,,2.4652,8.9
77449,1987,WAS,73,2488,1760,824,120,595,1311,570,692,0,11,59,92,202,3,114,62,38,5,-1.013,9.4
77449,1988,WAS,79,2692,1607,884,112,531,1090,543,689,2,7,59,72,249,5,198,93,56,7,-0.1593,9.2
77449,1989,ATL,81,2878,1637,956,112,538,1096,561,711,0,12,79,100,245,5,197,105,60,9,5.263,10.7
77449,1990,ATL,81,2735,1528,812,130,517,1077,493,631,1,9,47,84,232,,,,,,0.6365,7.7
77449,1991,ATL,82,1912,869,667,68,280,598,309,372,0,7,30,74,137,5,84,21,31,3,0.7154,5.6
77449,1992,MIL,82,2511,1279,744,93,440,929,396,504,3,8,74,64,150,,,,,,-1.4595,7.8
77449,1993,MIL,11,104,50,46,7,13,42,24,31,0,0,1,8,10,,,,,,-3.263,0.1
77449,1994,PHL,55,618,294,226,34,102,232,90,117,0,1,11,17,59,,,,,,-7.3738,1.0
77449,1995,SAN,17,149,49,46,6,13,35,22,32,1,2,2,3,11,,,,,,5.8977,0.3
78049,1957,BOS,48,1695,706,943,88,277,649,152,309,,,,,,10,409,139,244,32,4.7877,6.2
78049,1958,BOS,69,2640,1142,1564,202,456,1032,230,443,,,,,,9,355,136,221,24,5.0273,11.3
78049,1959,BOS,70,2979,1168,1612,222,456,997,256,428,,,,,,11,496,171,305,40,5.8373,12.9
78049,1960,BOS,74,3146,1350,1778,277,555,1189,240,392,,,,,,13,572,241,336,38,7.6244,13.8
78049,1961,BOS,78,3458,1322,1868,268,532,1250,258,469,,,,,,10,462,191,299,48,4.9337,13.0
78049,1962,BOS,76,3433,1436,1790,341,575,1258,286,481,,,,,,14,672,314,370,70,8.2538,15.5
78049,1963,BOS,78,3500,1309,1843,348,511,1182,287,517,,,,,,13,617,264,326,66,6.3786,13.5
78049,1964,BOS,78,3482,1168,1930,370,466,1077,236,429,,,,,,10,451,131,272,44,6.9336,17.3
78049,1965,BOS,78,3466,1102,1878,410,429,980,244,426,,,,,,12,561,198,302,76,7.4556,16.9
78049,1966,BOS,78,3386,1005,1779,371,391,943,223,405,,,,,,17,814,324,428,85,4.3444,11.7
78049,1967,BOS,81,3297,1075,1700,472,395,870,285,467,,,,,,9,390,95,198,50,7.2444,12.2
78049,1968,BOS,78,2953,977,1451,357,365,858,247,460,,,,,,19,869,274,434,99,3.8669,8.2
78049,1969,BOS,77,3291,762,1484,374,279,645,204,388,,,,,,18,829,195,369,98,5.3465,10.9
78497,1961,LAL,79,2797,1389,611,333,529,1264,331,497,,,,,,12,461,275,104,63,-0.1185,6.6
78497,1962,LAL,75,3087,2310,591,402,799,1795,712,926,,,,,,13,557,409,88,57,1.7976,12.9
78497,1963,LAL,55,2163,1489,384,307,559,1213,371,477,,,,,,13,538,362,106,61,2.6695,8.1
78497,1964,LAL,72,2906,2064,443,403,740,1529,584,702,,,,,,5,206,156,36,17,0.8866,14.0
78497,1965,LAL,74,3066,2292,447,364,822,1655,648,789,,,,,,11,470,447,63,58,1.7,16.7
78497,1966,LAL,79,3218,2476,562,480,818,1731,840,977,,,,,,14,619,479,88,79,2.7556,17.1
78497,1967,LAL,66,2670,1892,392,447,645,1389,602,686,,,,,,1,1,0,1,0,0.3111,11.7
78497,1968,LAL,51,1919,1343,294,310,476,926,391,482,,,,,,15,622,462,81,82,4.9886,9.6
78497,1969,LAL,61,2394,1580,262,423,545,1156,490,597,,,,,,18,757,556,71,135,3.8422,10.8
78497,1970,LAL,74,3106,2309,338,554,831,1673,647,785,,,,,,18,830,562,66,151,1.7562,15.2
78497,1971,LAL,69,2845,1859,320,655,667,1351,525,631,,,,,,,,,,,3.2633,12.8
78497,1972,LAL,77,2973,1985,327,747,735,1540,515,633,,,,,,15,608,344,73,134,11.6521,13.3
78497,1973,LAL,69,2460,1575,289,607,618,1291,339,421,,,,,,17,638,401,76,132,8.1544,10.6
78497,1974,LAL,31,967,629,116,206,232,519,165,198,,,81,23,,1,14,4,2,1,0.8473,3.2
201142,2008,SEA,80,2768,1624,348,192,587,1366,391,448,59,205,78,75,232,,,,,,-8.0371,2.3
201142,2009,OKC,74,2885,1871,482,205,661,1390,452,524,97,230,96,53,225,,,,,,-6.0337,7.9
201142,2010,OKC,82,3239,2472,623,231,794,1668,756,840,128,351,112,84,271,6,231,150,46,14,3.5548,16.1
201142,2011,OKC,78,3038,2161,533,214,711,1538,594,675,145,414,88,76,218,17,722,487,139,48,3.8119,12.0
201142,2012,OKC,66,2546,1850,527,231,643,1297,431,501,133,344,88,77,248,20,837,570,148,74,6.4412,12.2
201142,2013,OKC,81,3119,2280,640,374,731,1433,679,750,139,334,116,105,280,11,485,339,99,69,9.1497,18.9
201142,2014,OKC,81,3122,2593,598,445,849,1688,703,805,192,491,103,59,285,19,815,563,170,75,6.6544,19.2
201142,2015,OKC,27,913,686,178,110,238,467,146,171,64,159,24,25,74,,,,,,2.4675,4.8
201142,2016,OKC,72,2578,2029,589,361,698,1381,447,498,186,481,69,85,250,18,726,511,128,60,7.091,14.5
201142,2017,GSW,62,2070,1555,513,300,551,1026,336,384,117,312,66,99,138,15,533,428,119,64,11.3514,12.0
201142,2018,GSW,68,2325,1792,464,366,630,1222,359,404,173,413,50,119,207,21,807,608,163,99,5.789,10.4
201142,2019,GSW,78,2702,2027,497,457,721,1383,448,506,137,388,58,84,225,12,442,387,59,54,6.423,11.5
201142,2021,BKN,35,1157,943,247,195,324,603,210,238,85,189,25,45,120,12,485,411,111,53,4.2351,5.0
201142,2022,BKN,55,2047,1643,407,351,578,1115,372,409,115,300,48,52,191,4,176,105,23,25,0.8195,8.4
201142,2023,BKN/PHX,47,1672,1366,313,235,483,862,307,334,93,230,34,67,156,11,466,319,96,61,1.2087,6.8
201142,2024,PHX,75,2791,2032,495,378,751,1436,362,423,168,407,69,91,244,4,168,107,26,13,3.0774,8.3
201142,2025,PHX,62,2265,1647,374,263,592,1124,303,361,160,372,50,77,190,,,,,,-2.554,5.2
201142,2026,HOU,78,2840,2026,426,372,716,1376,408,467,186,450,62,71,246,1,41,23,6,4,4.8656,10.7
201939,2010,GSW,80,2896,1399,356,472,528,1143,177,200,166,380,152,19,243,,,,,,-3.2745,4.7
201939,2011,GSW,74,2489,1373,286,432,505,1053,212,227,151,342,109,20,226,,,,,,-2.004,6.6
201939,2012,GSW,26,732,383,88,138,145,296,38,47,55,121,39,8,65,,,,,,-2.7921,2.2
201939,2013,GSW,78,2983,1786,314,539,626,1388,262,291,272,600,126,12,240,12,497,281,46,97,1.3163,11.2
201939,2014,GSW,78,2846,1873,334,666,652,1383,308,348,261,615,128,14,294,7,296,161,25,59,5.1458,13.4
201939,2015,GSW,80,2613,1900,341,619,653,1341,308,337,286,646,163,16,249,21,826,594,105,134,10.0081,15.7
201939,2016,GSW,79,2700,2375,430,527,805,1598,363,400,402,886,169,15,262,18,614,452,99,93,10.3803,17.9
201939,2017,GSW,79,2639,1999,353,524,675,1443,325,362,324,789,142,17,239,17,601,477,106,114,11.3514,12.6
201939,2018,GSW,51,1631,1346,261,310,428,864,278,302,212,501,80,8,153,15,555,383,91,81,5.789,9.1
201939,2019,GSW,69,2331,1881,369,361,632,1340,263,287,354,810,92,25,192,22,846,620,132,126,6.423,9.7
201939,2020,GSW,5,139,104,26,33,33,82,26,26,12,49,5,2,16,,,,,,-7.9563,0.3
201939,2021,GSW,63,2152,2015,345,363,658,1365,362,395,337,801,77,8,213,,,,,,1.0982,9.0
201939,2022,GSW,64,2211,1630,335,404,535,1224,275,298,285,750,85,23,206,22,764,602,115,129,5.5187,8.0
201939,2023,GSW,56,1941,1648,341,352,559,1133,257,281,273,639,52,20,179,13,493,396,67,79,1.6556,7.8
201939,2024,GSW,74,2422,1956,330,379,650,1445,299,324,357,876,54,28,210,,,,,,2.7667,7.2
201939,2025,GSW,70,2252,1718,310,421,564,1258,279,299,311,784,80,30,200,8,281,181,42,41,3.5571,7.9
201939,2026,GSW,43,1329,1142,154,203,374,799,204,221,190,484,49,17,121,,,,,,-0.3437,4.1
203507,2014,MIL,77,1897,525,339,150,173,418,138,202,41,118,60,61,122,,,,,,-8.4115,1.2
203507,2015,MIL,81,2541,1030,542,207,383,780,257,347,7,44,73,85,173,6,201,69,42,16,-0.0905,6.2
203507,2016,MIL,80,2823,1350,612,345,513,1013,296,409,28,109,94,113,208,,,,,,-3.9787,7.1
203507,2017,MIL,80,2845,1832,700,434,656,1259,471,612,49,180,131,151,234,6,243,149,57,24,-0.4446,12.4
203507,2018,MIL,75,2756,2014,753,361,742,1402,487,641,43,140,109,106,223,7,280,180,67,44,-0.4498,11.9
203507,2019,MIL,72,2358,1994,898,424,721,1247,500,686,52,203,92,110,268,15,514,383,183,73,8.0457,14.4
203507,2020,MIL,63,1917,1857,856,354,685,1238,398,629,89,293,61,66,230,9,277,240,124,51,9.5698,11.1
203507,2021,MIL,61,2013,1717,671,357,626,1100,398,581,67,221,72,73,207,21,800,634,269,108,5.5684,10.2
203507,2022,MIL,67,2204,2002,778,388,689,1245,553,766,71,242,72,91,219,12,448,380,170,81,3.217,12.9
203507,2023,MIL,63,2024,1959,742,359,707,1278,498,772,47,171,52,51,246,3,91,70,33,16,3.6102,8.6
203507,2024,MIL,73,2567,2222,841,476,837,1369,514,782,34,124,87,79,250,,,,,,2.4441,13.2
203507,2025,MIL,67,2289,2036,798,433,793,1319,436,707,14,63,58,78,206,5,188,165,77,33,2.1206,11.5
203507,2026,MIL,36,1039,993,352,196,373,598,232,357,15,45,34,24,115,,,,,,-6.1218,5.0
203999,2016,DEN,80,1733,796,560,189,307,600,154,190,28,84,79,50,104,,,,,,-2.807,6.7
203999,2017,DEN,73,2038,1221,718,359,494,854,188,228,45,139,61,55,171,,,,,,0.7021,9.7
203999,2018,DEN,75,2443,1385,803,458,504,1010,266,313,111,280,90,61,210,,,,,,1.5716,10.7
203999,2019,DEN,80,2504,1604,865,580,616,1206,289,352,83,270,108,55,248,14,556,352,182,118,4.1978,11.8
203999,2020,DEN,73,2335,1456,711,512,565,1071,246,301,80,255,85,44,226,19,694,464,187,109,2.5127,9.8
203999,2021,DEN,72,2488,1898,780,599,732,1293,342,394,92,237,95,48,222,10,345,298,116,50,4.8182,15.6
203999,2022,DEN,74,2476,2004,1019,584,764,1311,379,468,97,288,109,63,281,5,171,155,66,29,2.1552,15.2
203999,2023,DEN,69,2323,1690,817,678,646,1022,341,415,57,149,87,47,247,20,789,600,269,190,3.0429,14.9
203999,2024,DEN,79,2737,2085,976,708,822,1411,358,438,83,231,108,68,237,12,482,344,161,104,5.2272,17.0
203999,2025,DEN,70,2571,2071,892,716,786,1364,361,451,138,331,127,45,230,14,563,367,178,112,3.9665,16.4
203999,2026,DEN,65,2265,1799,836,697,644,1132,399,480,112,295,92,53,243,6,237,155,79,57,4.974,14.9
600015,1961,CIN,71,3032,2165,716,690,756,1600,653,794,,,,,,,,,,,-3.0424,13.2
600015,1962,CIN,79,3503,2432,985,899,866,1810,700,872,,,,,,4,185,115,44,44,1.2799,15.6
600015,1963,CIN,80,3521,2264,835,758,825,1593,614,758,,,,,,12,570,381,156,108,1.2373,16.8
600015,1964,CIN,79,3559,2480,783,868,840,1740,800,938,,,,,,10,471,293,89,84,4.4264,20.6
600015,1965,CIN,75,3421,2279,674,861,807,1681,665,793,,,,,,4,195,112,19,48,2.0444,17.0
600015,1966,CIN,76,3493,2378,586,847,818,1723,742,881,,,,,,5,224,159,38,39,1.0333,16.9
600015,1967,CIN,79,3468,2412,486,845,838,1699,736,843,,,,,,4,183,99,16,45,-0.2333,17.4
600015,1968,CIN,65,2765,1896,391,633,660,1321,576,660,,,,,,,,,,,-0.6442,12.3
600015,1969,CIN,79,3461,1955,502,772,656,1351,643,767,,,,,,,,,,,-0.8251,12.9
600015,1970,CIN,69,2865,1748,422,558,647,1267,454,561,,,,,,,,,,,-2.5463,11.4
600015,1971,MIL,81,3194,1569,462,668,592,1193,385,453,,,,,,14,520,256,70,124,11.9122,12.4
600015,1972,MIL,64,2390,1114,323,491,419,887,276,330,,,,,,11,380,144,64,83,10.6989,8.3
600015,1973,MIL,73,2737,1130,360,551,446,983,238,281,,,,,,6,256,127,28,45,7.8364,8.4
600015,1974,MIL,70,2477,888,279,446,338,772,212,254,,,77,4,,16,689,224,54,149,7.6128,5.9
